{"title":"BasketballGame","icon":null,"fields":{"HandAnimation":{"moveDuration":{"id":null,"title":"Move Duration","type":"single","defaultValue":1,"constraints":{},"section":"","order":0,"localization":0,"options":{}},"fadeDuration":{"id":null,"title":"Fade Duration","type":"single","defaultValue":0.300000011920929,"constraints":{},"section":"","order":1,"localization":0,"options":{}},"startY":{"id":null,"title":"Start Y","type":"single","defaultValue":-4,"constraints":{},"section":"","order":2,"localization":0,"options":{}},"endY":{"id":null,"title":"End Y","type":"single","defaultValue":0.5,"constraints":{},"section":"","order":3,"localization":0,"options":{}}}},"assets":{},"sections":[],"preloader":{"fields":{"System.String":{"Playable Name":{"id":"parameter\/preloader\/name","title":"Playable Name","type":"string","defaultValue":[null],"constraints":{},"section":"Preloader","order":1,"localization":0,"options":{}}},"UnityEngine.Color":{"Background Color":{"id":"parameter\/preloader\/color","title":"Background Color","type":"color","defaultValue":[0,0,0,1],"constraints":{},"section":"Preloader","order":2,"localization":0,"options":{}}}},"assets":{"":{"id":"asset\/preloader\/icon","title":"","type":"texture","section":"Preloader","order":0}},"sections":[{"title":"Preloader","order":0,"fixed":1}]},"buildId":"654bc257-a1bf-4934-9e35-09facb023a76"}